id,supplier_id,supplier_name,source_type,reference,order_date,expected_delivery,status,created_at
1,1,"Global Wines Co.",manual,RESTOCK-2024-01-04-9744,2024-01-04,2024-01-07,RECEIVED,2025-10-03 21:34:50
17,4,"Continental Importers",manual,RESTOCK-2024-01-07-1718,2024-01-07,2024-01-12,RECEIVED,2025-10-03 21:53:19
18,4,"Continental Importers",manual,RESTOCK-2024-01-11-5061,2024-01-11,2024-01-16,RECEIVED,2025-10-03 21:53:20
295,4,"Continental Importers",manual,RESTOCK-2024-01-13-5061,2024-01-13,2024-01-18,RECEIVED,2025-10-03 22:03:43
296,14,"Continental Importers",manual,RESTOCK-2024-01-14-1505,2024-01-14,2024-01-22,RECEIVED,2025-10-03 22:03:43
297,14,"Continental Importers",manual,RESTOCK-2024-01-15-8008,2024-01-15,2024-01-22,RECEIVED,2025-10-03 22:03:43
298,4,"Continental Importers",manual,RESTOCK-2024-01-28-7344,2024-01-28,2024-02-03,RECEIVED,2025-10-03 22:03:44
19,9,"Continental Importers",manual,RESTOCK-2024-02-25-1907,2024-02-25,2024-03-01,RECEIVED,2025-10-03 21:53:24
299,9,"Continental Importers",manual,RESTOCK-2024-02-25-9111,2024-02-25,2024-02-28,RECEIVED,2025-10-03 22:03:46
20,9,"Continental Importers",manual,RESTOCK-2024-03-10-1123,2024-03-10,2024-03-13,RECEIVED,2025-10-03 21:53:25
63,9,"Continental Importers",manual,RESTOCK-2024-03-10-2416,2024-03-10,2024-03-13,RECEIVED,2025-10-03 21:54:39
300,4,"Continental Importers",manual,RESTOCK-2024-03-10-2277,2024-03-10,2024-03-17,RECEIVED,2025-10-03 22:03:47
21,9,"Continental Importers",manual,RESTOCK-2024-03-13-3013,2024-03-13,2024-03-17,RECEIVED,2025-10-03 21:53:26
64,14,"Continental Importers",manual,RESTOCK-2024-03-13-9131,2024-03-13,2024-03-21,RECEIVED,2025-10-03 21:54:40
301,14,"Continental Importers",manual,RESTOCK-2024-03-14-9131,2024-03-14,2024-03-22,RECEIVED,2025-10-03 22:03:47
65,9,"Continental Importers",manual,RESTOCK-2024-03-17-9202,2024-03-17,2024-03-20,RECEIVED,2025-10-03 21:54:40
66,9,"Continental Importers",manual,RESTOCK-2024-03-19-8061,2024-03-19,2024-03-24,RECEIVED,2025-10-03 21:54:40
302,4,"Continental Importers",manual,RESTOCK-2024-03-24-7858,2024-03-24,2024-03-30,RECEIVED,2025-10-03 22:03:48
303,4,"Continental Importers",manual,RESTOCK-2024-03-26-2093,2024-03-26,2024-03-31,RECEIVED,2025-10-03 22:03:49
22,4,"Continental Importers",manual,RESTOCK-2024-03-29-4124,2024-03-29,2024-04-03,RECEIVED,2025-10-03 21:53:29
23,9,"Continental Importers",manual,RESTOCK-2024-03-30-5817,2024-03-30,2024-04-03,RECEIVED,2025-10-03 21:53:29
24,9,"Continental Importers",manual,RESTOCK-2024-03-31-3799,2024-03-31,2024-04-04,RECEIVED,2025-10-03 21:53:29
304,14,"Continental Importers",manual,RESTOCK-2024-03-31-9691,2024-03-31,2024-04-07,RECEIVED,2025-10-03 22:03:49
305,14,"Continental Importers",manual,RESTOCK-2024-04-03-3597,2024-04-03,2024-04-10,RECEIVED,2025-10-03 22:03:50
25,14,"Continental Importers",manual,RESTOCK-2024-04-06-4252,2024-04-06,2024-04-16,RECEIVED,2025-10-03 21:53:29
306,4,"Continental Importers",manual,RESTOCK-2024-04-06-8075,2024-04-06,2024-04-13,RECEIVED,2025-10-03 22:03:50
26,4,"Continental Importers",manual,RESTOCK-2024-04-10-6178,2024-04-10,2024-04-15,RECEIVED,2025-10-03 21:53:30
27,9,"Continental Importers",manual,RESTOCK-2024-04-13-3212,2024-04-13,2024-04-16,RECEIVED,2025-10-03 21:53:31
67,14,"Continental Importers",manual,RESTOCK-2024-04-13-2072,2024-04-13,2024-04-20,RECEIVED,2025-10-03 21:54:43
28,9,"Continental Importers",manual,RESTOCK-2024-04-20-4320,2024-04-20,2024-04-24,RECEIVED,2025-10-03 21:53:32
68,9,"Continental Importers",manual,RESTOCK-2024-04-20-5403,2024-04-20,2024-04-25,RECEIVED,2025-10-03 21:54:44
307,9,"Continental Importers",manual,RESTOCK-2024-04-20-2856,2024-04-20,2024-04-25,RECEIVED,2025-10-03 22:03:52
69,14,"Continental Importers",manual,RESTOCK-2024-04-21-1273,2024-04-21,2024-04-28,RECEIVED,2025-10-03 21:54:44
70,14,"Continental Importers",manual,RESTOCK-2024-04-27-8507,2024-04-27,2024-05-07,RECEIVED,2025-10-03 21:54:45
308,14,"Continental Importers",manual,RESTOCK-2024-04-30-8739,2024-04-30,2024-05-08,RECEIVED,2025-10-03 22:03:53
71,9,"Continental Importers",manual,RESTOCK-2024-05-04-5022,2024-05-04,2024-05-07,RECEIVED,2025-10-03 21:54:46
309,4,"Continental Importers",manual,RESTOCK-2024-05-04-6708,2024-05-04,2024-05-10,RECEIVED,2025-10-03 22:03:53
310,9,"Continental Importers",manual,RESTOCK-2024-05-07-8312,2024-05-07,2024-05-10,RECEIVED,2025-10-03 22:03:54
8,9,"Continental Importers",manual,RESTOCK-2024-05-11-9124,2024-05-11,2024-05-15,RECEIVED,2025-10-03 21:41:49
311,9,"Continental Importers",manual,RESTOCK-2024-05-11-8804,2024-05-11,2024-05-16,RECEIVED,2025-10-03 22:03:54
29,14,"Continental Importers",manual,RESTOCK-2024-05-15-6308,2024-05-15,2024-05-22,RECEIVED,2025-10-03 21:53:35
30,4,"Continental Importers",manual,RESTOCK-2024-05-17-5622,2024-05-17,2024-05-24,RECEIVED,2025-10-03 21:53:35
31,14,"Continental Importers",manual,RESTOCK-2024-05-18-5620,2024-05-18,2024-05-26,RECEIVED,2025-10-03 21:53:35
72,9,"Continental Importers",manual,RESTOCK-2024-05-18-9060,2024-05-18,2024-05-23,RECEIVED,2025-10-03 21:54:48
312,4,"Continental Importers",manual,RESTOCK-2024-05-18-9054,2024-05-18,2024-05-23,RECEIVED,2025-10-03 22:03:55
32,4,"Continental Importers",manual,RESTOCK-2024-05-20-4691,2024-05-20,2024-05-25,RECEIVED,2025-10-03 21:53:35
313,9,"Continental Importers",manual,RESTOCK-2024-05-21-1927,2024-05-21,2024-05-25,RECEIVED,2025-10-03 22:03:55
33,4,"Continental Importers",manual,RESTOCK-2024-05-23-4037,2024-05-23,2024-05-30,RECEIVED,2025-10-03 21:53:35
34,9,"Continental Importers",manual,RESTOCK-2024-05-25-6656,2024-05-25,2024-05-30,RECEIVED,2025-10-03 21:53:36
73,9,"Continental Importers",manual,RESTOCK-2024-06-01-1708,2024-06-01,2024-06-05,RECEIVED,2025-10-03 21:54:50
314,14,"Continental Importers",manual,RESTOCK-2024-06-01-3596,2024-06-01,2024-06-09,RECEIVED,2025-10-03 22:03:56
74,4,"Continental Importers",manual,RESTOCK-2024-06-06-4037,2024-06-06,2024-06-13,RECEIVED,2025-10-03 21:54:51
35,4,"Continental Importers",manual,RESTOCK-2024-06-08-3500,2024-06-08,2024-06-13,RECEIVED,2025-10-03 21:53:38
75,9,"Continental Importers",manual,RESTOCK-2024-06-08-6656,2024-06-08,2024-06-13,RECEIVED,2025-10-03 21:54:51
315,4,"Continental Importers",manual,RESTOCK-2024-06-08-7753,2024-06-08,2024-06-15,RECEIVED,2025-10-03 22:03:58
316,9,"Continental Importers",manual,RESTOCK-2024-06-09-6730,2024-06-09,2024-06-14,RECEIVED,2025-10-03 22:03:58
317,14,"Continental Importers",manual,RESTOCK-2024-06-11-4057,2024-06-11,2024-06-18,RECEIVED,2025-10-03 22:03:58
76,4,"Continental Importers",manual,RESTOCK-2024-06-12-6533,2024-06-12,2024-06-18,RECEIVED,2025-10-03 21:54:52
36,4,"Continental Importers",manual,RESTOCK-2024-06-13-2276,2024-06-13,2024-06-20,RECEIVED,2025-10-03 21:53:39
318,9,"Continental Importers",manual,RESTOCK-2024-06-13-7760,2024-06-13,2024-06-18,RECEIVED,2025-10-03 22:03:59
37,9,"Continental Importers",manual,RESTOCK-2024-06-15-8575,2024-06-15,2024-06-20,RECEIVED,2025-10-03 21:53:39
77,9,"Continental Importers",manual,RESTOCK-2024-06-15-9069,2024-06-15,2024-06-19,RECEIVED,2025-10-03 21:54:53
319,14,"Continental Importers",manual,RESTOCK-2024-06-15-4111,2024-06-15,2024-06-25,RECEIVED,2025-10-03 22:03:59
320,4,"Continental Importers",manual,RESTOCK-2024-06-21-9244,2024-06-21,2024-06-26,RECEIVED,2025-10-03 22:04:01
38,4,"Continental Importers",manual,RESTOCK-2024-06-22-9006,2024-06-22,2024-06-29,RECEIVED,2025-10-03 21:53:41
78,14,"Continental Importers",manual,RESTOCK-2024-06-22-2538,2024-06-22,2024-07-02,RECEIVED,2025-10-03 21:54:54
321,14,"Continental Importers",manual,RESTOCK-2024-06-22-7846,2024-06-22,2024-07-02,RECEIVED,2025-10-03 22:04:01
79,4,"Continental Importers",manual,RESTOCK-2024-06-26-2276,2024-06-26,2024-07-03,RECEIVED,2025-10-03 21:54:54
39,4,"Continental Importers",manual,RESTOCK-2024-06-29-7216,2024-06-29,2024-07-06,RECEIVED,2025-10-03 21:53:42
80,4,"Continental Importers",manual,RESTOCK-2024-06-29-7663,2024-06-29,2024-07-04,RECEIVED,2025-10-03 21:54:55
40,14,"Continental Importers",manual,RESTOCK-2024-07-06-2303,2024-07-06,2024-07-16,RECEIVED,2025-10-03 21:53:43
322,4,"Continental Importers",manual,RESTOCK-2024-07-06-7556,2024-07-06,2024-07-11,RECEIVED,2025-10-03 22:04:03
41,14,"Continental Importers",manual,RESTOCK-2024-07-09-2227,2024-07-09,2024-07-17,RECEIVED,2025-10-03 21:53:44
9,1,"Global Wines Co.",manual,RESTOCK-2024-07-10-9989,2024-07-10,2024-07-19,RECEIVED,2025-10-03 21:41:58
10,4,"Continental Importers",manual,RESTOCK-2024-07-13-3460,2024-07-13,2024-07-20,RECEIVED,2025-10-03 21:41:59
42,9,"Continental Importers",manual,RESTOCK-2024-07-13-4664,2024-07-13,2024-07-16,RECEIVED,2025-10-03 21:53:45
81,9,"Continental Importers",manual,RESTOCK-2024-07-13-3566,2024-07-13,2024-07-17,RECEIVED,2025-10-03 21:54:57
323,9,"Continental Importers",manual,RESTOCK-2024-07-13-5727,2024-07-13,2024-07-16,RECEIVED,2025-10-03 22:04:04
43,14,"Continental Importers",manual,RESTOCK-2024-07-19-4578,2024-07-19,2024-07-28,RECEIVED,2025-10-03 21:53:46
44,4,"Continental Importers",manual,RESTOCK-2024-07-20-9607,2024-07-20,2024-07-26,RECEIVED,2025-10-03 21:53:46
82,9,"Continental Importers",manual,RESTOCK-2024-07-20-1831,2024-07-20,2024-07-24,RECEIVED,2025-10-03 21:54:58
324,9,"Continental Importers",manual,RESTOCK-2024-07-20-2715,2024-07-20,2024-07-25,RECEIVED,2025-10-03 22:04:05
45,14,"Continental Importers",manual,RESTOCK-2024-07-21-6665,2024-07-21,2024-07-29,RECEIVED,2025-10-03 21:53:46
83,14,"Continental Importers",manual,RESTOCK-2024-07-22-2692,2024-07-22,2024-07-30,RECEIVED,2025-10-03 21:54:59
46,9,"Continental Importers",manual,RESTOCK-2024-07-25-4362,2024-07-25,2024-07-30,RECEIVED,2025-10-03 21:53:46
47,4,"Continental Importers",manual,RESTOCK-2024-07-27-5268,2024-07-27,2024-08-01,RECEIVED,2025-10-03 21:53:47
84,9,"Continental Importers",manual,RESTOCK-2024-07-27-4751,2024-07-27,2024-07-30,RECEIVED,2025-10-03 21:54:59
325,4,"Continental Importers",manual,RESTOCK-2024-07-27-2111,2024-07-27,2024-08-01,RECEIVED,2025-10-03 22:04:06
326,14,"Continental Importers",manual,RESTOCK-2024-08-01-2645,2024-08-01,2024-08-10,RECEIVED,2025-10-03 22:04:07
327,4,"Continental Importers",manual,RESTOCK-2024-08-03-1483,2024-08-03,2024-08-10,RECEIVED,2025-10-03 22:04:08
85,14,"Continental Importers",manual,RESTOCK-2024-08-07-4578,2024-08-07,2024-08-16,RECEIVED,2025-10-03 21:55:02
2,2,"Local Vineyard Distributor",manual,RESTOCK-2024-08-09-8768,2024-08-09,2024-08-16,RECEIVED,2025-10-03 21:35:38
3,4,"Continental Importers",manual,RESTOCK-2024-08-10-2621,2024-08-10,2024-08-16,RECEIVED,2025-10-03 21:35:38
48,4,"Continental Importers",manual,RESTOCK-2024-08-10-3394,2024-08-10,2024-08-16,RECEIVED,2025-10-03 21:53:49
86,14,"Continental Importers",manual,RESTOCK-2024-08-10-9994,2024-08-10,2024-08-17,RECEIVED,2025-10-03 21:55:02
328,14,"Continental Importers",manual,RESTOCK-2024-08-10-5903,2024-08-10,2024-08-17,RECEIVED,2025-10-03 22:04:09
49,4,"Continental Importers",manual,RESTOCK-2024-08-12-6986,2024-08-12,2024-08-19,RECEIVED,2025-10-03 21:53:49
87,9,"Continental Importers",manual,RESTOCK-2024-08-14-9872,2024-08-14,2024-08-17,RECEIVED,2025-10-03 21:55:03
4,1,"Global Wines Co.",manual,RESTOCK-2024-08-15-8605,2024-08-15,2024-08-19,RECEIVED,2025-10-03 21:35:39
50,9,"Continental Importers",manual,RESTOCK-2024-08-16-6361,2024-08-16,2024-08-20,RECEIVED,2025-10-03 21:53:50
51,4,"Continental Importers",manual,RESTOCK-2024-08-17-8735,2024-08-17,2024-08-24,RECEIVED,2025-10-03 21:53:50
329,14,"Continental Importers",manual,RESTOCK-2024-08-17-6019,2024-08-17,2024-08-26,RECEIVED,2025-10-03 22:04:10
52,14,"Continental Importers",manual,RESTOCK-2024-08-19-4332,2024-08-19,2024-08-27,RECEIVED,2025-10-03 21:53:50
330,9,"Continental Importers",manual,RESTOCK-2024-08-20-2969,2024-08-20,2024-08-25,RECEIVED,2025-10-03 22:04:10
331,9,"Continental Importers",manual,RESTOCK-2024-08-24-2360,2024-08-24,2024-08-29,RECEIVED,2025-10-03 22:04:11
332,4,"Continental Importers",manual,RESTOCK-2024-08-26-9306,2024-08-26,2024-08-31,RECEIVED,2025-10-03 22:04:12
53,14,"Continental Importers",manual,RESTOCK-2024-08-29-4548,2024-08-29,2024-09-08,RECEIVED,2025-10-03 21:53:52
333,9,"Continental Importers",manual,RESTOCK-2024-08-29-2422,2024-08-29,2024-09-02,RECEIVED,2025-10-03 22:04:12
54,9,"Continental Importers",manual,RESTOCK-2024-08-30-7678,2024-08-30,2024-09-03,RECEIVED,2025-10-03 21:53:52
5,1,"Global Wines Co.",manual,RESTOCK-2024-08-31-9534,2024-08-31,2024-09-05,RECEIVED,2025-10-03 21:35:42
55,4,"Continental Importers",manual,RESTOCK-2024-08-31-8424,2024-08-31,2024-09-07,RECEIVED,2025-10-03 21:53:52
88,4,"Continental Importers",manual,RESTOCK-2024-08-31-3981,2024-08-31,2024-09-07,RECEIVED,2025-10-03 21:55:05
56,4,"Continental Importers",manual,RESTOCK-2024-09-02-1570,2024-09-02,2024-09-07,RECEIVED,2025-10-03 21:53:53
89,9,"Continental Importers",manual,RESTOCK-2024-09-02-8025,2024-09-02,2024-09-05,RECEIVED,2025-10-03 21:55:06
90,4,"Continental Importers",manual,RESTOCK-2024-09-13-7934,2024-09-13,2024-09-19,RECEIVED,2025-10-03 21:55:08
91,14,"Continental Importers",manual,RESTOCK-2024-09-14-5472,2024-09-14,2024-09-21,RECEIVED,2025-10-03 21:55:08
6,4,"Continental Importers",manual,RESTOCK-2024-09-21-7106,2024-09-21,2024-09-26,RECEIVED,2025-10-03 21:35:44
11,4,"Continental Importers",manual,RESTOCK-2024-09-21-9021,2024-09-21,2024-09-27,RECEIVED,2025-10-03 21:42:10
12,9,"Continental Importers",manual,RESTOCK-2024-09-23-1933,2024-09-23,2024-09-28,RECEIVED,2025-10-03 21:42:10
7,2,"Local Vineyard Distributor",manual,RESTOCK-2024-09-25-2735,2024-09-25,2024-10-02,RECEIVED,2025-10-03 21:35:45
92,9,"Continental Importers",manual,RESTOCK-2024-09-25-8711,2024-09-25,2024-09-30,RECEIVED,2025-10-03 21:55:09
93,9,"Continental Importers",manual,RESTOCK-2024-09-28-8162,2024-09-28,2024-10-03,RECEIVED,2025-10-03 21:55:10
57,4,"Continental Importers",manual,RESTOCK-2024-10-05-2555,2024-10-05,2024-10-12,RECEIVED,2025-10-03 21:53:57
58,14,"Continental Importers",manual,RESTOCK-2024-10-06-3828,2024-10-06,2024-10-13,RECEIVED,2025-10-03 21:53:58
59,4,"Continental Importers",manual,RESTOCK-2024-10-12-8614,2024-10-12,2024-10-18,RECEIVED,2025-10-03 21:53:59
94,9,"Continental Importers",manual,RESTOCK-2024-10-12-7002,2024-10-12,2024-10-15,RECEIVED,2025-10-03 21:55:12
334,4,"Continental Importers",manual,RESTOCK-2024-10-12-9642,2024-10-12,2024-10-19,RECEIVED,2025-10-03 22:04:17
95,4,"Continental Importers",manual,RESTOCK-2024-10-14-6381,2024-10-14,2024-10-21,RECEIVED,2025-10-03 21:55:12
335,9,"Continental Importers",manual,RESTOCK-2024-10-15-4972,2024-10-15,2024-10-18,RECEIVED,2025-10-03 22:04:18
60,14,"Continental Importers",manual,RESTOCK-2024-10-17-7527,2024-10-17,2024-10-25,RECEIVED,2025-10-03 21:53:59
61,9,"Continental Importers",manual,RESTOCK-2024-10-19-7526,2024-10-19,2024-10-22,RECEIVED,2025-10-03 21:54:00
96,9,"Continental Importers",manual,RESTOCK-2024-10-19-1689,2024-10-19,2024-10-24,RECEIVED,2025-10-03 21:55:13
97,9,"Continental Importers",manual,RESTOCK-2024-10-26-3084,2024-10-26,2024-10-31,RECEIVED,2025-10-03 21:55:14
336,4,"Continental Importers",manual,RESTOCK-2024-10-28-3361,2024-10-28,2024-11-02,RECEIVED,2025-10-03 22:04:20
13,1,"Global Wines Co.",manual,RESTOCK-2024-10-29-2069,2024-10-29,2024-11-07,RECEIVED,2025-10-03 21:42:14
337,4,"Continental Importers",manual,RESTOCK-2024-10-31-5420,2024-10-31,2024-11-05,RECEIVED,2025-10-03 22:04:20
14,1,"Global Wines Co.",manual,RESTOCK-2024-11-02-7527,2024-11-02,2024-11-10,RECEIVED,2025-10-03 21:42:15
15,1,"Global Wines Co.",manual,RESTOCK-2024-11-03-3197,2024-11-03,2024-11-13,RECEIVED,2025-10-03 21:42:15
338,9,"Continental Importers",manual,RESTOCK-2024-11-03-5665,2024-11-03,2024-11-06,RECEIVED,2025-10-03 22:04:21
339,14,"Continental Importers",manual,RESTOCK-2024-11-05-9719,2024-11-05,2024-11-15,RECEIVED,2025-10-03 22:04:21
16,4,"Continental Importers",manual,RESTOCK-2024-11-06-6647,2024-11-06,2024-11-11,RECEIVED,2025-10-03 21:42:15
340,4,"Continental Importers",manual,RESTOCK-2024-11-16-4776,2024-11-16,2024-11-22,RECEIVED,2025-10-03 22:04:22
341,4,"Continental Importers",manual,RESTOCK-2024-11-17-4616,2024-11-17,2024-11-22,RECEIVED,2025-10-03 22:04:23
62,9,"Continental Importers",manual,RESTOCK-2024-11-24-3977,2024-11-24,2024-11-29,RECEIVED,2025-10-03 21:54:03
342,14,"Continental Importers",manual,RESTOCK-2024-11-25-9871,2024-11-25,2024-12-05,RECEIVED,2025-10-03 22:04:23
343,14,"Continental Importers",manual,RESTOCK-2024-12-01-3415,2024-12-01,2024-12-10,RECEIVED,2025-10-03 22:04:24
344,14,"Continental Importers",manual,RESTOCK-2024-12-05-7527,2024-12-05,2024-12-13,RECEIVED,2025-10-03 22:04:24
345,14,"Continental Importers",manual,RESTOCK-2024-12-08-8680,2024-12-08,2024-12-16,RECEIVED,2025-10-03 22:04:24
346,4,"Continental Importers",manual,RESTOCK-2024-12-09-6647,2024-12-09,2024-12-14,RECEIVED,2025-10-03 22:04:24
347,9,"Continental Importers",manual,RESTOCK-2025-02-16-8319,2025-02-16,2025-02-21,RECEIVED,2025-10-03 22:04:29
98,14,"Continental Importers",manual,RESTOCK-2025-02-23-8177,2025-02-23,2025-03-05,RECEIVED,2025-10-03 21:55:22
99,9,"Continental Importers",manual,RESTOCK-2025-02-24-9506,2025-02-24,2025-02-28,RECEIVED,2025-10-03 21:55:22
100,4,"Continental Importers",manual,RESTOCK-2025-03-09-9807,2025-03-09,2025-03-14,RECEIVED,2025-10-03 21:55:24
348,4,"Continental Importers",manual,RESTOCK-2025-03-09-6329,2025-03-09,2025-03-14,RECEIVED,2025-10-03 22:04:31
101,14,"Continental Importers",manual,RESTOCK-2025-03-13-6075,2025-03-13,2025-03-22,RECEIVED,2025-10-03 21:55:24
349,4,"Continental Importers",manual,RESTOCK-2025-03-13-5981,2025-03-13,2025-03-18,RECEIVED,2025-10-03 22:04:31
102,4,"Continental Importers",manual,RESTOCK-2025-03-15-3698,2025-03-15,2025-03-21,RECEIVED,2025-10-03 21:55:24
103,9,"Continental Importers",manual,RESTOCK-2025-03-16-8798,2025-03-16,2025-03-20,RECEIVED,2025-10-03 21:55:25
350,9,"Continental Importers",manual,RESTOCK-2025-03-23-5484,2025-03-23,2025-03-27,RECEIVED,2025-10-03 22:04:32
104,9,"Continental Importers",manual,RESTOCK-2025-03-26-5043,2025-03-26,2025-03-29,RECEIVED,2025-10-03 21:55:26
105,9,"Continental Importers",manual,RESTOCK-2025-03-28-4699,2025-03-28,2025-04-01,RECEIVED,2025-10-03 21:55:26
106,14,"Continental Importers",manual,RESTOCK-2025-03-30-8578,2025-03-30,2025-04-06,RECEIVED,2025-10-03 21:55:27
107,14,"Continental Importers",manual,RESTOCK-2025-04-05-9004,2025-04-05,2025-04-12,RECEIVED,2025-10-03 21:55:28
108,14,"Continental Importers",manual,RESTOCK-2025-04-12-5057,2025-04-12,2025-04-22,RECEIVED,2025-10-03 21:55:29
109,4,"Continental Importers",manual,RESTOCK-2025-04-19-6386,2025-04-19,2025-04-25,RECEIVED,2025-10-03 21:55:30
351,4,"Continental Importers",manual,RESTOCK-2025-04-23-2636,2025-04-23,2025-04-29,RECEIVED,2025-10-03 22:04:36
110,4,"Continental Importers",manual,RESTOCK-2025-04-25-9231,2025-04-25,2025-05-02,RECEIVED,2025-10-03 21:55:31
352,4,"Continental Importers",manual,RESTOCK-2025-04-25-9436,2025-04-25,2025-04-30,RECEIVED,2025-10-03 22:04:37
111,4,"Continental Importers",manual,RESTOCK-2025-04-26-5755,2025-04-26,2025-05-03,RECEIVED,2025-10-03 21:55:31
353,4,"Continental Importers",manual,RESTOCK-2025-04-26-5988,2025-04-26,2025-05-01,RECEIVED,2025-10-03 22:04:37
354,9,"Continental Importers",manual,RESTOCK-2025-05-03-6972,2025-05-03,2025-05-06,RECEIVED,2025-10-03 22:04:38
355,9,"Continental Importers",manual,RESTOCK-2025-05-13-7696,2025-05-13,2025-05-17,RECEIVED,2025-10-03 22:04:38
112,4,"Continental Importers",manual,RESTOCK-2025-05-21-5254,2025-05-21,2025-05-28,RECEIVED,2025-10-03 21:55:34
113,14,"Continental Importers",manual,RESTOCK-2025-05-24-2847,2025-05-24,2025-06-01,RECEIVED,2025-10-03 21:55:34
356,4,"Continental Importers",manual,RESTOCK-2025-05-31-6352,2025-05-31,2025-06-06,RECEIVED,2025-10-03 22:04:41
357,9,"Continental Importers",manual,RESTOCK-2025-06-02-2727,2025-06-02,2025-06-07,RECEIVED,2025-10-03 22:04:41
114,9,"Continental Importers",manual,RESTOCK-2025-06-07-1504,2025-06-07,2025-06-11,RECEIVED,2025-10-03 21:55:37
358,14,"Continental Importers",manual,RESTOCK-2025-06-07-7197,2025-06-07,2025-06-15,RECEIVED,2025-10-03 22:04:42
115,4,"Continental Importers",manual,RESTOCK-2025-06-09-5180,2025-06-09,2025-06-15,RECEIVED,2025-10-03 21:55:38
359,14,"Continental Importers",manual,RESTOCK-2025-06-12-9343,2025-06-12,2025-06-20,RECEIVED,2025-10-03 22:04:43
116,9,"Continental Importers",manual,RESTOCK-2025-06-14-6764,2025-06-14,2025-06-19,RECEIVED,2025-10-03 21:55:39
360,9,"Continental Importers",manual,RESTOCK-2025-06-14-6697,2025-06-14,2025-06-17,RECEIVED,2025-10-03 22:04:43
361,9,"Continental Importers",manual,RESTOCK-2025-06-21-7909,2025-06-21,2025-06-24,RECEIVED,2025-10-03 22:04:45
362,4,"Continental Importers",manual,RESTOCK-2025-06-23-4555,2025-06-23,2025-06-30,RECEIVED,2025-10-03 22:04:45
117,14,"Continental Importers",manual,RESTOCK-2025-06-28-7969,2025-06-28,2025-07-05,RECEIVED,2025-10-03 21:55:41
363,14,"Continental Importers",manual,RESTOCK-2025-06-28-8130,2025-06-28,2025-07-05,RECEIVED,2025-10-03 22:04:46
364,9,"Continental Importers",manual,RESTOCK-2025-06-29-2633,2025-06-29,2025-07-02,RECEIVED,2025-10-03 22:04:46
118,4,"Continental Importers",manual,RESTOCK-2025-07-05-5496,2025-07-05,2025-07-12,RECEIVED,2025-10-03 21:55:42
119,9,"Continental Importers",manual,RESTOCK-2025-07-12-2757,2025-07-12,2025-07-16,RECEIVED,2025-10-03 21:55:44
365,9,"Continental Importers",manual,RESTOCK-2025-07-12-4694,2025-07-12,2025-07-16,RECEIVED,2025-10-03 22:04:49
120,9,"Continental Importers",manual,RESTOCK-2025-07-15-3287,2025-07-15,2025-07-18,RECEIVED,2025-10-03 21:55:44
121,4,"Continental Importers",manual,RESTOCK-2025-07-19-3440,2025-07-19,2025-07-25,RECEIVED,2025-10-03 21:55:45
122,14,"Continental Importers",manual,RESTOCK-2025-07-26-6789,2025-07-26,2025-08-04,RECEIVED,2025-10-03 21:55:47
366,9,"Continental Importers",manual,RESTOCK-2025-07-26-3803,2025-07-26,2025-07-30,RECEIVED,2025-10-03 22:04:52
123,4,"Continental Importers",manual,RESTOCK-2025-08-02-8848,2025-08-02,2025-08-08,RECEIVED,2025-10-03 21:55:48
367,4,"Continental Importers",manual,RESTOCK-2025-08-02-1664,2025-08-02,2025-08-07,RECEIVED,2025-10-03 22:04:54
124,4,"Continental Importers",manual,RESTOCK-2025-08-05-4749,2025-08-05,2025-08-11,RECEIVED,2025-10-03 21:55:49
125,9,"Continental Importers",manual,RESTOCK-2025-08-07-4431,2025-08-07,2025-08-10,RECEIVED,2025-10-03 21:55:49
126,4,"Continental Importers",manual,RESTOCK-2025-08-08-7109,2025-08-08,2025-08-13,RECEIVED,2025-10-03 21:55:49
127,4,"Continental Importers",manual,RESTOCK-2025-08-09-7507,2025-08-09,2025-08-14,RECEIVED,2025-10-03 21:55:49
368,4,"Continental Importers",manual,RESTOCK-2025-08-09-8621,2025-08-09,2025-08-16,RECEIVED,2025-10-03 22:04:55
128,14,"Continental Importers",manual,RESTOCK-2025-08-16-3087,2025-08-16,2025-08-24,RECEIVED,2025-10-03 21:55:51
369,9,"Continental Importers",manual,RESTOCK-2025-08-16-4501,2025-08-16,2025-08-20,RECEIVED,2025-10-03 22:04:57
129,14,"Continental Importers",manual,RESTOCK-2025-08-23-8518,2025-08-23,2025-09-01,RECEIVED,2025-10-03 21:55:52
370,14,"Continental Importers",manual,RESTOCK-2025-08-23-1142,2025-08-23,2025-09-02,RECEIVED,2025-10-03 22:04:58
130,9,"Continental Importers",manual,RESTOCK-2025-08-28-9730,2025-08-28,2025-08-31,RECEIVED,2025-10-03 21:55:53
131,14,"Continental Importers",manual,RESTOCK-2025-08-30-6511,2025-08-30,2025-09-08,RECEIVED,2025-10-03 21:55:53
371,9,"Continental Importers",manual,RESTOCK-2025-08-30-6887,2025-08-30,2025-09-02,RECEIVED,2025-10-03 22:04:59
132,4,"Continental Importers",manual,RESTOCK-2025-09-03-7563,2025-09-03,2025-09-10,RECEIVED,2025-10-03 21:55:54
133,4,"Continental Importers",manual,RESTOCK-2025-09-04-3714,2025-09-04,2025-09-10,RECEIVED,2025-10-03 21:55:54
134,14,"Continental Importers",manual,RESTOCK-2025-09-06-2501,2025-09-06,2025-09-13,RECEIVED,2025-10-03 21:55:55
372,4,"Continental Importers",manual,RESTOCK-2025-09-06-7940,2025-09-06,2025-09-12,RECEIVED,2025-10-03 22:05:00
373,4,"Continental Importers",manual,RESTOCK-2025-09-10-6791,2025-09-10,2025-09-15,RECEIVED,2025-10-03 22:05:01
135,14,"Continental Importers",manual,RESTOCK-2025-09-13-6280,2025-09-13,2025-09-20,RECEIVED,2025-10-03 21:55:56
374,14,"Continental Importers",manual,RESTOCK-2025-09-13-7625,2025-09-13,2025-09-22,RECEIVED,2025-10-03 22:05:01
136,14,"Continental Importers",manual,RESTOCK-2025-09-20-2897,2025-09-20,2025-09-27,RECEIVED,2025-10-03 21:55:57
375,9,"Continental Importers",manual,RESTOCK-2025-09-20-9155,2025-09-20,2025-09-23,RECEIVED,2025-10-03 22:05:02
376,4,"Continental Importers",manual,RESTOCK-2025-09-24-5798,2025-09-24,2025-09-29,RECEIVED,2025-10-03 22:05:03
137,14,"Continental Importers",manual,RESTOCK-2025-09-25-3567,2025-09-25,2025-10-02,RECEIVED,2025-10-03 21:55:57
138,4,"Continental Importers",manual,RESTOCK-2025-09-27-5822,2025-09-27,2025-10-04,RECEIVED,2025-10-03 21:55:57
377,9,"Continental Importers",manual,RESTOCK-2025-09-27-9306,2025-09-27,2025-09-30,RECEIVED,2025-10-03 22:05:03
139,14,"Continental Importers",manual,RESTOCK-2025-10-04-8110,2025-10-04,2025-10-14,RECEIVED,2025-10-03 21:55:59
140,14,"Continental Importers",manual,RESTOCK-2025-10-06-8139,2025-10-06,2025-10-15,RECEIVED,2025-10-03 21:55:59
141,14,"Continental Importers",manual,RESTOCK-2025-10-11-9540,2025-10-11,2025-10-19,RECEIVED,2025-10-03 21:56:00
378,9,"Continental Importers",manual,RESTOCK-2025-10-11-1640,2025-10-11,2025-10-16,RECEIVED,2025-10-03 22:05:05
379,4,"Continental Importers",manual,RESTOCK-2025-10-14-4677,2025-10-14,2025-10-20,RECEIVED,2025-10-03 22:05:05
380,9,"Continental Importers",manual,RESTOCK-2025-10-15-4037,2025-10-15,2025-10-18,RECEIVED,2025-10-03 22:05:05
142,9,"Continental Importers",manual,RESTOCK-2025-10-18-8724,2025-10-18,2025-10-23,RECEIVED,2025-10-03 21:56:01
143,14,"Continental Importers",manual,RESTOCK-2025-10-25-8207,2025-10-25,2025-11-05,RECEIVED,2025-10-03 21:56:03
381,4,"Continental Importers",manual,RESTOCK-2025-10-27-3184,2025-10-27,2025-11-02,RECEIVED,2025-10-03 22:05:07
144,4,"Continental Importers",manual,RESTOCK-2025-11-02-7317,2025-11-02,2025-11-08,RECEIVED,2025-10-03 21:56:04
382,4,"Continental Importers",manual,RESTOCK-2025-12-14-6415,2025-12-14,2025-12-19,RECEIVED,2025-10-03 22:05:11
145,14,"Continental Importers",manual,RESTOCK-2025-12-28-6645,2025-12-28,2026-01-06,RECEIVED,2025-10-03 21:56:07
146,9,"Continental Importers",manual,RESTOCK-2025-12-31-9769,2025-12-31,2026-01-04,RECEIVED,2025-10-03 21:56:07
147,4,"Continental Importers",manual,RESTOCK-2026-02-15-6716,2026-02-15,2026-02-21,RECEIVED,2025-10-03 21:56:11
383,9,"Continental Importers",manual,RESTOCK-2026-02-22-9320,2026-02-22,2026-02-27,RECEIVED,2025-10-03 22:05:15
384,9,"Continental Importers",manual,RESTOCK-2026-02-26-1873,2026-02-26,2026-03-03,RECEIVED,2025-10-03 22:05:16
385,9,"Continental Importers",manual,RESTOCK-2026-03-03-4407,2026-03-03,2026-03-07,RECEIVED,2025-10-03 22:05:16
386,4,"Continental Importers",manual,RESTOCK-2026-03-10-2408,2026-03-10,2026-03-15,RECEIVED,2025-10-03 22:05:17
148,4,"Continental Importers",manual,RESTOCK-2026-03-15-8987,2026-03-15,2026-03-20,RECEIVED,2025-10-03 21:56:13
387,4,"Continental Importers",manual,RESTOCK-2026-03-15-4234,2026-03-15,2026-03-20,RECEIVED,2025-10-03 22:05:17
388,4,"Continental Importers",manual,RESTOCK-2026-03-22-3141,2026-03-22,2026-03-29,RECEIVED,2025-10-03 22:05:18
389,9,"Continental Importers",manual,RESTOCK-2026-03-25-3245,2026-03-25,2026-03-29,RECEIVED,2025-10-03 22:05:19
390,4,"Continental Importers",manual,RESTOCK-2026-03-28-2124,2026-03-28,2026-04-03,RECEIVED,2025-10-03 22:05:19
149,4,"Continental Importers",manual,RESTOCK-2026-03-29-2981,2026-03-29,2026-04-02,RECEIVED,2025-10-03 21:56:15
391,9,"Continental Importers",manual,RESTOCK-2026-03-29-3801,2026-03-29,2026-04-02,RECEIVED,2025-10-03 22:05:19
150,4,"Continental Importers",manual,RESTOCK-2026-03-31-6069,2026-03-31,2026-04-05,RECEIVED,2025-10-03 21:56:15
392,4,"Continental Importers",manual,RESTOCK-2026-04-04-7289,2026-04-04,2026-04-11,RECEIVED,2025-10-03 22:05:20
393,4,"Continental Importers",manual,RESTOCK-2026-04-06-4623,2026-04-06,2026-04-12,RECEIVED,2025-10-03 22:05:21
151,14,"Continental Importers",manual,RESTOCK-2026-04-11-6214,2026-04-11,2026-04-18,RECEIVED,2025-10-03 21:56:17
394,4,"Continental Importers",manual,RESTOCK-2026-04-11-3285,2026-04-11,2026-04-18,RECEIVED,2025-10-03 22:05:21
152,4,"Continental Importers",manual,RESTOCK-2026-04-14-9842,2026-04-14,2026-04-20,RECEIVED,2025-10-03 21:56:17
395,9,"Continental Importers",manual,RESTOCK-2026-04-18-2212,2026-04-18,2026-04-21,RECEIVED,2025-10-03 22:05:22
396,9,"Continental Importers",manual,RESTOCK-2026-04-25-5415,2026-04-25,2026-04-29,RECEIVED,2025-10-03 22:05:23
397,9,"Continental Importers",manual,RESTOCK-2026-05-02-4061,2026-05-02,2026-05-07,RECEIVED,2025-10-03 22:05:24
153,14,"Continental Importers",manual,RESTOCK-2026-05-09-9583,2026-05-09,2026-05-18,RECEIVED,2025-10-03 21:56:20
154,4,"Continental Importers",manual,RESTOCK-2026-05-11-2484,2026-05-11,2026-05-17,RECEIVED,2025-10-03 21:56:21
155,9,"Continental Importers",manual,RESTOCK-2026-05-16-7127,2026-05-16,2026-05-21,RECEIVED,2025-10-03 21:56:21
398,4,"Continental Importers",manual,RESTOCK-2026-05-16-1435,2026-05-16,2026-05-22,RECEIVED,2025-10-03 22:05:26
156,9,"Continental Importers",manual,RESTOCK-2026-05-23-4416,2026-05-23,2026-05-27,RECEIVED,2025-10-03 21:56:23
399,4,"Continental Importers",manual,RESTOCK-2026-05-23-8376,2026-05-23,2026-05-28,RECEIVED,2025-10-03 22:05:27
157,9,"Continental Importers",manual,RESTOCK-2026-05-30-7002,2026-05-30,2026-06-02,RECEIVED,2025-10-03 21:56:24
158,14,"Continental Importers",manual,RESTOCK-2026-06-01-3005,2026-06-01,2026-06-09,RECEIVED,2025-10-03 21:56:25
159,4,"Continental Importers",manual,RESTOCK-2026-06-06-7408,2026-06-06,2026-06-11,RECEIVED,2025-10-03 21:56:26
160,14,"Continental Importers",manual,RESTOCK-2026-06-07-9871,2026-06-07,2026-06-17,RECEIVED,2025-10-03 21:56:26
161,14,"Continental Importers",manual,RESTOCK-2026-06-10-4112,2026-06-10,2026-06-18,RECEIVED,2025-10-03 21:56:26
162,14,"Continental Importers",manual,RESTOCK-2026-06-12-4200,2026-06-12,2026-06-22,RECEIVED,2025-10-03 21:56:27
163,14,"Continental Importers",manual,RESTOCK-2026-06-13-6261,2026-06-13,2026-06-20,RECEIVED,2025-10-03 21:56:27
400,14,"Continental Importers",manual,RESTOCK-2026-06-13-7734,2026-06-13,2026-06-22,RECEIVED,2025-10-03 22:05:31
164,14,"Continental Importers",manual,RESTOCK-2026-06-18-6170,2026-06-18,2026-06-27,RECEIVED,2025-10-03 21:56:28
165,14,"Continental Importers",manual,RESTOCK-2026-06-19-5615,2026-06-19,2026-06-28,RECEIVED,2025-10-03 21:56:28
166,14,"Continental Importers",manual,RESTOCK-2026-06-20-3146,2026-06-20,2026-06-27,RECEIVED,2025-10-03 21:56:28
401,9,"Continental Importers",manual,RESTOCK-2026-06-20-6719,2026-06-20,2026-06-25,RECEIVED,2025-10-03 22:05:33
167,14,"Continental Importers",manual,RESTOCK-2026-06-25-3176,2026-06-25,2026-07-04,RECEIVED,2025-10-03 21:56:29
168,9,"Continental Importers",manual,RESTOCK-2026-06-27-2578,2026-06-27,2026-07-01,RECEIVED,2025-10-03 21:56:30
402,9,"Continental Importers",manual,RESTOCK-2026-06-27-6784,2026-06-27,2026-06-30,RECEIVED,2025-10-03 22:05:34
169,9,"Continental Importers",manual,RESTOCK-2026-07-04-5337,2026-07-04,2026-07-09,RECEIVED,2025-10-03 21:56:31
403,4,"Continental Importers",manual,RESTOCK-2026-07-04-4961,2026-07-04,2026-07-11,RECEIVED,2025-10-03 22:05:35
404,4,"Continental Importers",manual,RESTOCK-2026-07-07-6647,2026-07-07,2026-07-12,RECEIVED,2025-10-03 22:05:35
405,9,"Continental Importers",manual,RESTOCK-2026-07-11-9495,2026-07-11,2026-07-16,RECEIVED,2025-10-03 22:05:36
406,9,"Continental Importers",manual,RESTOCK-2026-07-13-6774,2026-07-13,2026-07-17,RECEIVED,2025-10-03 22:05:37
170,4,"Continental Importers",manual,RESTOCK-2026-07-18-2898,2026-07-18,2026-07-23,RECEIVED,2025-10-03 21:56:34
407,14,"Continental Importers",manual,RESTOCK-2026-07-18-3989,2026-07-18,2026-07-28,RECEIVED,2025-10-03 22:05:38
171,14,"Continental Importers",manual,RESTOCK-2026-07-25-2306,2026-07-25,2026-08-02,RECEIVED,2025-10-03 21:56:35
408,4,"Continental Importers",manual,RESTOCK-2026-07-25-1417,2026-07-25,2026-07-30,RECEIVED,2025-10-03 22:05:39
172,9,"Continental Importers",manual,RESTOCK-2026-07-26-1138,2026-07-26,2026-07-31,RECEIVED,2025-10-03 21:56:35
409,9,"Continental Importers",manual,RESTOCK-2026-08-01-3732,2026-08-01,2026-08-04,RECEIVED,2025-10-03 22:05:41
173,9,"Continental Importers",manual,RESTOCK-2026-08-08-2892,2026-08-08,2026-08-13,RECEIVED,2025-10-03 21:56:38
410,9,"Continental Importers",manual,RESTOCK-2026-08-08-5227,2026-08-08,2026-08-12,RECEIVED,2025-10-03 22:05:42
411,14,"Continental Importers",manual,RESTOCK-2026-08-11-5536,2026-08-11,2026-08-21,RECEIVED,2025-10-03 22:05:43
174,14,"Continental Importers",manual,RESTOCK-2026-08-15-8671,2026-08-15,2026-08-23,RECEIVED,2025-10-03 21:56:39
412,14,"Continental Importers",manual,RESTOCK-2026-08-15-9004,2026-08-15,2026-08-22,RECEIVED,2025-10-03 22:05:44
175,4,"Continental Importers",manual,RESTOCK-2026-08-20-2710,2026-08-20,2026-08-27,RECEIVED,2025-10-03 21:56:39
413,9,"Continental Importers",manual,RESTOCK-2026-08-21-1216,2026-08-21,2026-08-24,RECEIVED,2025-10-03 22:05:45
176,14,"Continental Importers",manual,RESTOCK-2026-08-22-6640,2026-08-22,2026-08-29,RECEIVED,2025-10-03 21:56:40
414,14,"Continental Importers",manual,RESTOCK-2026-08-22-1299,2026-08-22,2026-08-29,RECEIVED,2025-10-03 22:05:45
415,4,"Continental Importers",manual,RESTOCK-2026-08-26-9231,2026-08-26,2026-09-02,RECEIVED,2025-10-03 22:05:46
177,4,"Continental Importers",manual,RESTOCK-2026-08-29-6395,2026-08-29,2026-09-03,RECEIVED,2025-10-03 21:56:41
416,4,"Continental Importers",manual,RESTOCK-2026-08-29-7599,2026-08-29,2026-09-03,RECEIVED,2025-10-03 22:05:47
178,9,"Continental Importers",manual,RESTOCK-2026-08-31-3833,2026-08-31,2026-09-03,RECEIVED,2025-10-03 21:56:42
417,4,"Continental Importers",manual,RESTOCK-2026-08-31-5537,2026-08-31,2026-09-05,RECEIVED,2025-10-03 22:05:47
179,14,"Continental Importers",manual,RESTOCK-2026-09-01-9640,2026-09-01,2026-09-09,RECEIVED,2025-10-03 21:56:42
180,4,"Continental Importers",manual,RESTOCK-2026-09-19-1793,2026-09-19,2026-09-25,RECEIVED,2025-10-03 21:56:44
181,9,"Continental Importers",manual,RESTOCK-2026-09-24-3224,2026-09-24,2026-09-29,RECEIVED,2025-10-03 21:56:44
182,14,"Continental Importers",manual,RESTOCK-2026-09-26-4726,2026-09-26,2026-10-03,RECEIVED,2025-10-03 21:56:45
418,14,"Continental Importers",manual,RESTOCK-2026-09-26-4055,2026-09-26,2026-10-06,RECEIVED,2025-10-03 22:05:51
183,4,"Continental Importers",manual,RESTOCK-2026-10-03-8627,2026-10-03,2026-10-10,RECEIVED,2025-10-03 21:56:46
419,9,"Continental Importers",manual,RESTOCK-2026-10-03-6203,2026-10-03,2026-10-06,RECEIVED,2025-10-03 22:05:52
184,14,"Continental Importers",manual,RESTOCK-2026-10-10-6233,2026-10-10,2026-10-17,RECEIVED,2025-10-03 21:56:47
420,14,"Continental Importers",manual,RESTOCK-2026-10-13-5241,2026-10-13,2026-10-22,RECEIVED,2025-10-03 22:05:54
185,14,"Continental Importers",manual,RESTOCK-2026-10-17-3655,2026-10-17,2026-10-28,RECEIVED,2025-10-03 21:56:49
421,14,"Continental Importers",manual,RESTOCK-2026-10-17-4393,2026-10-17,2026-10-28,RECEIVED,2025-10-03 22:05:54
186,4,"Continental Importers",manual,RESTOCK-2026-10-21-5899,2026-10-21,2026-10-27,RECEIVED,2025-10-03 21:56:49
187,9,"Continental Importers",manual,RESTOCK-2026-10-24-9692,2026-10-24,2026-10-29,RECEIVED,2025-10-03 21:56:50
422,4,"Continental Importers",manual,RESTOCK-2026-10-27-7732,2026-10-27,2026-11-02,RECEIVED,2025-10-03 22:05:56
423,4,"Continental Importers",manual,RESTOCK-2026-10-31-7594,2026-10-31,2026-11-05,RECEIVED,2025-10-03 22:05:56
424,4,"Continental Importers",manual,RESTOCK-2026-11-01-1209,2026-11-01,2026-11-06,RECEIVED,2025-10-03 22:05:56
425,9,"Continental Importers",manual,RESTOCK-2026-11-04-9279,2026-11-04,2026-11-08,RECEIVED,2025-10-03 22:05:57
188,14,"Continental Importers",manual,RESTOCK-2026-11-12-4904,2026-11-12,2026-11-19,RECEIVED,2025-10-03 21:56:52
189,4,"Continental Importers",manual,RESTOCK-2026-11-15-6893,2026-11-15,2026-11-22,RECEIVED,2025-10-03 21:56:52
426,4,"Continental Importers",manual,RESTOCK-2026-11-15-3696,2026-11-15,2026-11-20,RECEIVED,2025-10-03 22:05:58
190,9,"Continental Importers",manual,RESTOCK-2026-11-17-7249,2026-11-17,2026-11-22,RECEIVED,2025-10-03 21:56:52
191,14,"Continental Importers",manual,RESTOCK-2026-11-22-3245,2026-11-22,2026-12-02,RECEIVED,2025-10-03 21:56:53
427,4,"Continental Importers",manual,RESTOCK-2026-11-22-4169,2026-11-22,2026-11-27,RECEIVED,2025-10-03 22:05:58
428,4,"Continental Importers",manual,RESTOCK-2026-11-26-7111,2026-11-26,2026-12-03,RECEIVED,2025-10-03 22:05:59
192,4,"Continental Importers",manual,RESTOCK-2026-11-29-7479,2026-11-29,2026-12-05,RECEIVED,2025-10-03 21:56:53
193,14,"Continental Importers",manual,RESTOCK-2026-12-20-8554,2026-12-20,2026-12-27,RECEIVED,2025-10-03 21:56:55
429,14,"Continental Importers",manual,RESTOCK-2027-01-14-8639,2027-01-14,2027-01-23,RECEIVED,2025-10-03 22:06:02
430,9,"Continental Importers",manual,RESTOCK-2027-01-17-6514,2027-01-17,2027-01-21,RECEIVED,2025-10-03 22:06:03
194,4,"Continental Importers",manual,RESTOCK-2027-03-07-3432,2027-03-07,2027-03-14,RECEIVED,2025-10-03 21:57:00
195,4,"Continental Importers",manual,RESTOCK-2027-03-14-1567,2027-03-14,2027-03-20,RECEIVED,2025-10-03 21:57:01
431,14,"Continental Importers",manual,RESTOCK-2027-03-14-4443,2027-03-14,2027-03-22,RECEIVED,2025-10-03 22:06:08
196,9,"Continental Importers",manual,RESTOCK-2027-03-15-9914,2027-03-15,2027-03-18,RECEIVED,2025-10-03 21:57:01
197,14,"Continental Importers",manual,RESTOCK-2027-03-17-8143,2027-03-17,2027-03-27,RECEIVED,2025-10-03 21:57:01
432,4,"Continental Importers",manual,RESTOCK-2027-03-21-6216,2027-03-21,2027-03-28,RECEIVED,2025-10-03 22:06:09
198,4,"Continental Importers",manual,RESTOCK-2027-03-28-6040,2027-03-28,2027-04-03,RECEIVED,2025-10-03 21:57:03
433,14,"Continental Importers",manual,RESTOCK-2027-03-28-8685,2027-03-28,2027-04-04,RECEIVED,2025-10-03 22:06:10
199,14,"Continental Importers",manual,RESTOCK-2027-03-29-1807,2027-03-29,2027-04-06,RECEIVED,2025-10-03 21:57:03
434,4,"Continental Importers",manual,RESTOCK-2027-04-03-7865,2027-04-03,2027-04-10,RECEIVED,2025-10-03 22:06:11
435,4,"Continental Importers",manual,RESTOCK-2027-04-10-1991,2027-04-10,2027-04-17,RECEIVED,2025-10-03 22:06:12
436,9,"Continental Importers",manual,RESTOCK-2027-04-14-7360,2027-04-14,2027-04-17,RECEIVED,2025-10-03 22:06:12
437,14,"Continental Importers",manual,RESTOCK-2027-04-16-5803,2027-04-16,2027-04-23,RECEIVED,2025-10-03 22:06:12
200,14,"Continental Importers",manual,RESTOCK-2027-04-21-2721,2027-04-21,2027-05-01,RECEIVED,2025-10-03 21:57:06
201,9,"Continental Importers",manual,RESTOCK-2027-04-24-1422,2027-04-24,2027-04-27,RECEIVED,2025-10-03 21:57:06
202,14,"Continental Importers",manual,RESTOCK-2027-04-28-8194,2027-04-28,2027-05-07,RECEIVED,2025-10-03 21:57:07
203,4,"Continental Importers",manual,RESTOCK-2027-05-01-3199,2027-05-01,2027-05-08,RECEIVED,2025-10-03 21:57:07
438,14,"Continental Importers",manual,RESTOCK-2027-05-01-1126,2027-05-01,2027-05-10,RECEIVED,2025-10-03 22:06:14
439,14,"Continental Importers",manual,RESTOCK-2027-05-08-1223,2027-05-08,2027-05-18,RECEIVED,2025-10-03 22:06:15
204,9,"Continental Importers",manual,RESTOCK-2027-05-10-3971,2027-05-10,2027-05-15,RECEIVED,2025-10-03 21:57:08
205,9,"Continental Importers",manual,RESTOCK-2027-05-11-4499,2027-05-11,2027-05-15,RECEIVED,2025-10-03 21:57:08
440,4,"Continental Importers",manual,RESTOCK-2027-05-12-6906,2027-05-12,2027-05-17,RECEIVED,2025-10-03 22:06:16
441,14,"Continental Importers",manual,RESTOCK-2027-05-15-9900,2027-05-15,2027-05-25,RECEIVED,2025-10-03 22:06:16
206,14,"Continental Importers",manual,RESTOCK-2027-05-21-1202,2027-05-21,2027-05-28,RECEIVED,2025-10-03 21:57:09
207,9,"Continental Importers",manual,RESTOCK-2027-05-22-3323,2027-05-22,2027-05-27,RECEIVED,2025-10-03 21:57:09
208,4,"Continental Importers",manual,RESTOCK-2027-05-29-5043,2027-05-29,2027-06-05,RECEIVED,2025-10-03 21:57:10
442,14,"Continental Importers",manual,RESTOCK-2027-05-31-3567,2027-05-31,2027-06-07,RECEIVED,2025-10-03 22:06:18
209,14,"Continental Importers",manual,RESTOCK-2027-06-01-6526,2027-06-01,2027-06-08,RECEIVED,2025-10-03 21:57:10
443,14,"Continental Importers",manual,RESTOCK-2027-06-02-9980,2027-06-02,2027-06-11,RECEIVED,2025-10-03 22:06:19
210,9,"Continental Importers",manual,RESTOCK-2027-06-03-4037,2027-06-03,2027-06-06,RECEIVED,2025-10-03 21:57:11
211,14,"Continental Importers",manual,RESTOCK-2027-06-05-6326,2027-06-05,2027-06-14,RECEIVED,2025-10-03 21:57:11
444,4,"Continental Importers",manual,RESTOCK-2027-06-05-3184,2027-06-05,2027-06-11,RECEIVED,2025-10-03 22:06:19
212,14,"Continental Importers",manual,RESTOCK-2027-06-12-1725,2027-06-12,2027-06-20,RECEIVED,2025-10-03 21:57:12
445,14,"Continental Importers",manual,RESTOCK-2027-06-12-4551,2027-06-12,2027-06-22,RECEIVED,2025-10-03 22:06:21
213,4,"Continental Importers",manual,RESTOCK-2027-06-19-4095,2027-06-19,2027-06-24,RECEIVED,2025-10-03 21:57:14
446,9,"Continental Importers",manual,RESTOCK-2027-06-19-2711,2027-06-19,2027-06-22,RECEIVED,2025-10-03 22:06:22
214,14,"Continental Importers",manual,RESTOCK-2027-06-21-5473,2027-06-21,2027-06-30,RECEIVED,2025-10-03 21:57:14
447,14,"Continental Importers",manual,RESTOCK-2027-06-26-2818,2027-06-26,2027-07-05,RECEIVED,2025-10-03 22:06:23
215,4,"Continental Importers",manual,RESTOCK-2027-07-03-1157,2027-07-03,2027-07-10,RECEIVED,2025-10-03 21:57:17
448,9,"Continental Importers",manual,RESTOCK-2027-07-03-7667,2027-07-03,2027-07-07,RECEIVED,2025-10-03 22:06:25
216,9,"Continental Importers",manual,RESTOCK-2027-07-10-5210,2027-07-10,2027-07-15,RECEIVED,2025-10-03 21:57:18
449,14,"Continental Importers",manual,RESTOCK-2027-07-10-6223,2027-07-10,2027-07-18,RECEIVED,2025-10-03 22:06:27
217,4,"Continental Importers",manual,RESTOCK-2027-07-16-2645,2027-07-16,2027-07-22,RECEIVED,2025-10-03 21:57:19
218,4,"Continental Importers",manual,RESTOCK-2027-07-17-7014,2027-07-17,2027-07-22,RECEIVED,2025-10-03 21:57:20
450,4,"Continental Importers",manual,RESTOCK-2027-07-17-4352,2027-07-17,2027-07-23,RECEIVED,2025-10-03 22:06:28
219,4,"Continental Importers",manual,RESTOCK-2027-07-24-8131,2027-07-24,2027-07-31,RECEIVED,2025-10-03 21:57:21
451,4,"Continental Importers",manual,RESTOCK-2027-07-24-4056,2027-07-24,2027-07-31,RECEIVED,2025-10-03 22:06:30
452,4,"Continental Importers",manual,RESTOCK-2027-07-29-4087,2027-07-29,2027-08-03,RECEIVED,2025-10-03 22:06:31
220,4,"Continental Importers",manual,RESTOCK-2027-07-31-8271,2027-07-31,2027-08-07,RECEIVED,2025-10-03 21:57:22
453,9,"Continental Importers",manual,RESTOCK-2027-07-31-7254,2027-07-31,2027-08-05,RECEIVED,2025-10-03 22:06:31
221,4,"Continental Importers",manual,RESTOCK-2027-08-02-4501,2027-08-02,2027-08-08,RECEIVED,2025-10-03 21:57:23
454,4,"Continental Importers",manual,RESTOCK-2027-08-02-9618,2027-08-02,2027-08-09,RECEIVED,2025-10-03 22:06:32
222,9,"Continental Importers",manual,RESTOCK-2027-08-07-8182,2027-08-07,2027-08-10,RECEIVED,2025-10-03 21:57:24
455,9,"Continental Importers",manual,RESTOCK-2027-08-07-4150,2027-08-07,2027-08-12,RECEIVED,2025-10-03 22:06:33
456,4,"Continental Importers",manual,RESTOCK-2027-08-09-4502,2027-08-09,2027-08-14,RECEIVED,2025-10-03 22:06:33
457,9,"Continental Importers",manual,RESTOCK-2027-08-13-6309,2027-08-13,2027-08-18,RECEIVED,2025-10-03 22:06:34
223,4,"Continental Importers",manual,RESTOCK-2027-08-14-7928,2027-08-14,2027-08-19,RECEIVED,2025-10-03 21:57:25
458,4,"Continental Importers",manual,RESTOCK-2027-08-14-9135,2027-08-14,2027-08-21,RECEIVED,2025-10-03 22:06:34
459,14,"Continental Importers",manual,RESTOCK-2027-08-15-6716,2027-08-15,2027-08-23,RECEIVED,2025-10-03 22:06:35
460,9,"Continental Importers",manual,RESTOCK-2027-08-17-2872,2027-08-17,2027-08-21,RECEIVED,2025-10-03 22:06:35
224,4,"Continental Importers",manual,RESTOCK-2027-08-21-1942,2027-08-21,2027-08-26,RECEIVED,2025-10-03 21:57:27
225,4,"Continental Importers",manual,RESTOCK-2027-08-28-6348,2027-08-28,2027-09-03,RECEIVED,2025-10-03 21:57:28
461,9,"Continental Importers",manual,RESTOCK-2027-09-04-1272,2027-09-04,2027-09-08,RECEIVED,2025-10-03 22:06:39
226,14,"Continental Importers",manual,RESTOCK-2027-09-11-4575,2027-09-11,2027-09-20,RECEIVED,2025-10-03 21:57:30
462,14,"Continental Importers",manual,RESTOCK-2027-09-11-3953,2027-09-11,2027-09-18,RECEIVED,2025-10-03 22:06:40
463,9,"Continental Importers",manual,RESTOCK-2027-09-12-5520,2027-09-12,2027-09-15,RECEIVED,2025-10-03 22:06:40
227,4,"Continental Importers",manual,RESTOCK-2027-09-18-3238,2027-09-18,2027-09-24,RECEIVED,2025-10-03 21:57:31
464,4,"Continental Importers",manual,RESTOCK-2027-09-18-8614,2027-09-18,2027-09-24,RECEIVED,2025-10-03 22:06:41
465,14,"Continental Importers",manual,RESTOCK-2027-09-23-7527,2027-09-23,2027-10-01,RECEIVED,2025-10-03 22:06:42
228,14,"Continental Importers",manual,RESTOCK-2027-09-25-8903,2027-09-25,2027-10-05,RECEIVED,2025-10-03 21:57:31
229,9,"Continental Importers",manual,RESTOCK-2027-09-27-1933,2027-09-27,2027-10-02,RECEIVED,2025-10-03 21:57:32
230,14,"Continental Importers",manual,RESTOCK-2027-10-02-1976,2027-10-02,2027-10-09,RECEIVED,2025-10-03 21:57:32
231,4,"Continental Importers",manual,RESTOCK-2027-10-05-2881,2027-10-05,2027-10-11,RECEIVED,2025-10-03 21:57:33
466,14,"Continental Importers",manual,RESTOCK-2027-10-06-6170,2027-10-06,2027-10-15,RECEIVED,2025-10-03 22:06:44
232,9,"Continental Importers",manual,RESTOCK-2027-10-07-8605,2027-10-07,2027-10-11,RECEIVED,2025-10-03 21:57:33
467,14,"Continental Importers",manual,RESTOCK-2027-10-07-5615,2027-10-07,2027-10-16,RECEIVED,2025-10-03 22:06:44
233,14,"Continental Importers",manual,RESTOCK-2027-10-09-6336,2027-10-09,2027-10-18,RECEIVED,2025-10-03 21:57:33
468,4,"Continental Importers",manual,RESTOCK-2027-10-09-7195,2027-10-09,2027-10-16,RECEIVED,2025-10-03 22:06:44
469,4,"Continental Importers",manual,RESTOCK-2027-10-10-2759,2027-10-10,2027-10-16,RECEIVED,2025-10-03 22:06:44
234,4,"Continental Importers",manual,RESTOCK-2027-10-19-5313,2027-10-19,2027-10-25,RECEIVED,2025-10-03 21:57:35
235,4,"Continental Importers",manual,RESTOCK-2027-10-22-4392,2027-10-22,2027-10-28,RECEIVED,2025-10-03 21:57:35
236,14,"Continental Importers",manual,RESTOCK-2027-10-23-9123,2027-10-23,2027-10-30,RECEIVED,2025-10-03 21:57:35
470,14,"Continental Importers",manual,RESTOCK-2027-12-05-9315,2027-12-05,2027-12-13,RECEIVED,2025-10-03 22:06:49
471,14,"Continental Importers",manual,RESTOCK-2027-12-12-4288,2027-12-12,2027-12-20,RECEIVED,2025-10-03 22:06:50
472,9,"Continental Importers",manual,RESTOCK-2027-12-18-6936,2027-12-18,2027-12-23,RECEIVED,2025-10-03 22:06:50
473,9,"Continental Importers",manual,RESTOCK-2027-12-19-3088,2027-12-19,2027-12-24,RECEIVED,2025-10-03 22:06:51
474,9,"Continental Importers",manual,RESTOCK-2027-12-24-4483,2027-12-24,2027-12-28,RECEIVED,2025-10-03 22:06:51
475,9,"Continental Importers",manual,RESTOCK-2027-12-25-5860,2027-12-25,2027-12-30,RECEIVED,2025-10-03 22:06:51
476,14,"Continental Importers",manual,RESTOCK-2027-12-26-9140,2027-12-26,2028-01-02,RECEIVED,2025-10-03 22:06:51
237,14,"Continental Importers",manual,RESTOCK-2028-01-09-1217,2028-01-09,2028-01-18,RECEIVED,2025-10-03 21:57:41
238,14,"Continental Importers",manual,RESTOCK-2028-01-15-5748,2028-01-15,2028-01-24,RECEIVED,2025-10-03 21:57:41
239,9,"Continental Importers",manual,RESTOCK-2028-01-16-8759,2028-01-16,2028-01-19,RECEIVED,2025-10-03 21:57:42
240,14,"Continental Importers",manual,RESTOCK-2028-01-30-3232,2028-01-30,2028-02-09,RECEIVED,2025-10-03 21:57:42
241,4,"Continental Importers",manual,RESTOCK-2028-02-06-7794,2028-02-06,2028-02-12,RECEIVED,2025-10-03 21:57:43
477,9,"Continental Importers",manual,RESTOCK-2028-03-10-1216,2028-03-10,2028-03-13,RECEIVED,2025-10-03 22:06:57
242,14,"Continental Importers",manual,RESTOCK-2028-03-12-7735,2028-03-12,2028-03-20,RECEIVED,2025-10-03 21:57:46
478,4,"Continental Importers",manual,RESTOCK-2028-03-12-7446,2028-03-12,2028-03-17,RECEIVED,2025-10-03 22:06:57
243,14,"Continental Importers",manual,RESTOCK-2028-03-16-9435,2028-03-16,2028-03-26,RECEIVED,2025-10-03 21:57:47
479,14,"Continental Importers",manual,RESTOCK-2028-03-17-8313,2028-03-17,2028-03-26,RECEIVED,2025-10-03 22:06:58
244,9,"Continental Importers",manual,RESTOCK-2028-03-19-1426,2028-03-19,2028-03-24,RECEIVED,2025-10-03 21:57:48
480,9,"Continental Importers",manual,RESTOCK-2028-03-19-3904,2028-03-19,2028-03-24,RECEIVED,2025-10-03 22:06:58
481,4,"Continental Importers",manual,RESTOCK-2028-03-23-9231,2028-03-23,2028-03-29,RECEIVED,2025-10-03 22:06:58
482,9,"Continental Importers",manual,RESTOCK-2028-03-26-5630,2028-03-26,2028-03-30,RECEIVED,2025-10-03 22:06:59
245,4,"Continental Importers",manual,RESTOCK-2028-03-31-4149,2028-03-31,2028-04-07,RECEIVED,2025-10-03 21:57:49
246,9,"Continental Importers",manual,RESTOCK-2028-04-01-9026,2028-04-01,2028-04-04,RECEIVED,2025-10-03 21:57:50
247,14,"Continental Importers",manual,RESTOCK-2028-04-08-1980,2028-04-08,2028-04-18,RECEIVED,2025-10-03 21:57:51
248,9,"Continental Importers",manual,RESTOCK-2028-04-09-6787,2028-04-09,2028-04-12,RECEIVED,2025-10-03 21:57:52
483,9,"Continental Importers",manual,RESTOCK-2028-04-13-5910,2028-04-13,2028-04-18,RECEIVED,2025-10-03 22:07:01
484,14,"Continental Importers",manual,RESTOCK-2028-04-14-2711,2028-04-14,2028-04-24,RECEIVED,2025-10-03 22:07:01
249,9,"Continental Importers",manual,RESTOCK-2028-04-15-3382,2028-04-15,2028-04-18,RECEIVED,2025-10-03 21:57:52
485,9,"Continental Importers",manual,RESTOCK-2028-04-15-5611,2028-04-15,2028-04-19,RECEIVED,2025-10-03 22:07:01
250,4,"Continental Importers",manual,RESTOCK-2028-04-17-5445,2028-04-17,2028-04-24,RECEIVED,2025-10-03 21:57:53
251,4,"Continental Importers",manual,RESTOCK-2028-04-21-9231,2028-04-21,2028-04-28,RECEIVED,2025-10-03 21:57:53
486,9,"Continental Importers",manual,RESTOCK-2028-04-21-3833,2028-04-21,2028-04-24,RECEIVED,2025-10-03 22:07:02
252,4,"Continental Importers",manual,RESTOCK-2028-04-22-5755,2028-04-22,2028-04-29,RECEIVED,2025-10-03 21:57:54
487,4,"Continental Importers",manual,RESTOCK-2028-04-22-3869,2028-04-22,2028-04-29,RECEIVED,2025-10-03 22:07:03
253,9,"Continental Importers",manual,RESTOCK-2028-05-13-4203,2028-05-13,2028-05-16,RECEIVED,2025-10-03 21:57:56
254,14,"Continental Importers",manual,RESTOCK-2028-05-20-2461,2028-05-20,2028-05-27,RECEIVED,2025-10-03 21:57:57
255,9,"Continental Importers",manual,RESTOCK-2028-05-25-3833,2028-05-25,2028-05-28,RECEIVED,2025-10-03 21:57:58
256,14,"Continental Importers",manual,RESTOCK-2028-05-26-9640,2028-05-26,2028-06-03,RECEIVED,2025-10-03 21:57:58
488,9,"Continental Importers",manual,RESTOCK-2028-05-27-3474,2028-05-27,2028-05-30,RECEIVED,2025-10-03 22:07:08
257,4,"Continental Importers",manual,RESTOCK-2028-06-10-1793,2028-06-10,2028-06-16,RECEIVED,2025-10-03 21:58:00
489,14,"Continental Importers",manual,RESTOCK-2028-06-10-7969,2028-06-10,2028-06-17,RECEIVED,2025-10-03 22:07:10
258,4,"Continental Importers",manual,RESTOCK-2028-06-15-5337,2028-06-15,2028-06-21,RECEIVED,2025-10-03 21:58:00
259,14,"Continental Importers",manual,RESTOCK-2028-06-17-7101,2028-06-17,2028-06-24,RECEIVED,2025-10-03 21:58:01
490,4,"Continental Importers",manual,RESTOCK-2028-06-17-5496,2028-06-17,2028-06-24,RECEIVED,2025-10-03 22:07:11
491,9,"Continental Importers",manual,RESTOCK-2028-06-24-2757,2028-06-24,2028-06-28,RECEIVED,2025-10-03 22:07:12
492,9,"Continental Importers",manual,RESTOCK-2028-06-27-3287,2028-06-27,2028-06-30,RECEIVED,2025-10-03 22:07:13
260,4,"Continental Importers",manual,RESTOCK-2028-06-29-6641,2028-06-29,2028-07-05,RECEIVED,2025-10-03 21:58:03
261,4,"Continental Importers",manual,RESTOCK-2028-07-01-7594,2028-07-01,2028-07-06,RECEIVED,2025-10-03 21:58:04
262,9,"Continental Importers",manual,RESTOCK-2028-07-06-4131,2028-07-06,2028-07-09,RECEIVED,2025-10-03 21:58:05
263,9,"Continental Importers",manual,RESTOCK-2028-07-08-9391,2028-07-08,2028-07-12,RECEIVED,2025-10-03 21:58:05
493,14,"Continental Importers",manual,RESTOCK-2028-07-08-6789,2028-07-08,2028-07-17,RECEIVED,2025-10-03 22:07:15
264,14,"Continental Importers",manual,RESTOCK-2028-07-15-6955,2028-07-15,2028-07-25,RECEIVED,2025-10-03 21:58:07
494,4,"Continental Importers",manual,RESTOCK-2028-07-15-8848,2028-07-15,2028-07-21,RECEIVED,2025-10-03 22:07:17
265,14,"Continental Importers",manual,RESTOCK-2028-07-17-4180,2028-07-17,2028-07-24,RECEIVED,2025-10-03 21:58:07
495,4,"Continental Importers",manual,RESTOCK-2028-07-18-4749,2028-07-18,2028-07-24,RECEIVED,2025-10-03 22:07:18
496,9,"Continental Importers",manual,RESTOCK-2028-07-20-4431,2028-07-20,2028-07-23,RECEIVED,2025-10-03 22:07:18
497,4,"Continental Importers",manual,RESTOCK-2028-07-21-7109,2028-07-21,2028-07-26,RECEIVED,2025-10-03 22:07:18
266,4,"Continental Importers",manual,RESTOCK-2028-07-22-3440,2028-07-22,2028-07-28,RECEIVED,2025-10-03 21:58:08
498,4,"Continental Importers",manual,RESTOCK-2028-07-22-7507,2028-07-22,2028-07-27,RECEIVED,2025-10-03 22:07:18
267,14,"Continental Importers",manual,RESTOCK-2028-07-29-6789,2028-07-29,2028-08-07,RECEIVED,2025-10-03 21:58:10
499,14,"Continental Importers",manual,RESTOCK-2028-07-29-3087,2028-07-29,2028-08-06,RECEIVED,2025-10-03 22:07:19
268,4,"Continental Importers",manual,RESTOCK-2028-08-05-8848,2028-08-05,2028-08-11,RECEIVED,2025-10-03 21:58:12
500,14,"Continental Importers",manual,RESTOCK-2028-08-05-8518,2028-08-05,2028-08-14,RECEIVED,2025-10-03 22:07:20
269,4,"Continental Importers",manual,RESTOCK-2028-08-08-4749,2028-08-08,2028-08-14,RECEIVED,2025-10-03 21:58:12
270,9,"Continental Importers",manual,RESTOCK-2028-08-10-4431,2028-08-10,2028-08-13,RECEIVED,2025-10-03 21:58:13
271,4,"Continental Importers",manual,RESTOCK-2028-08-11-7109,2028-08-11,2028-08-16,RECEIVED,2025-10-03 21:58:13
272,4,"Continental Importers",manual,RESTOCK-2028-08-12-7507,2028-08-12,2028-08-17,RECEIVED,2025-10-03 21:58:13
501,4,"Continental Importers",manual,RESTOCK-2028-08-12-1120,2028-08-12,2028-08-18,RECEIVED,2025-10-03 22:07:22
502,4,"Continental Importers",manual,RESTOCK-2028-08-16-7563,2028-08-16,2028-08-23,RECEIVED,2025-10-03 22:07:23
273,14,"Continental Importers",manual,RESTOCK-2028-08-19-3087,2028-08-19,2028-08-27,RECEIVED,2025-10-03 21:58:14
274,14,"Continental Importers",manual,RESTOCK-2028-08-26-8518,2028-08-26,2028-09-04,RECEIVED,2025-10-03 21:58:15
275,9,"Continental Importers",manual,RESTOCK-2028-08-31-9730,2028-08-31,2028-09-03,RECEIVED,2025-10-03 21:58:16
276,9,"Continental Importers",manual,RESTOCK-2028-09-01-8172,2028-09-01,2028-09-06,RECEIVED,2025-10-03 21:58:16
277,9,"Continental Importers",manual,RESTOCK-2028-09-02-9224,2028-09-02,2028-09-07,RECEIVED,2025-10-03 21:58:16
503,14,"Continental Importers",manual,RESTOCK-2028-09-02-3567,2028-09-02,2028-09-09,RECEIVED,2025-10-03 22:07:26
278,14,"Continental Importers",manual,RESTOCK-2028-09-09-5865,2028-09-09,2028-09-18,RECEIVED,2025-10-03 21:58:18
504,4,"Continental Importers",manual,RESTOCK-2028-09-09-3208,2028-09-09,2028-09-14,RECEIVED,2025-10-03 22:07:27
279,9,"Continental Importers",manual,RESTOCK-2028-09-14-3971,2028-09-14,2028-09-19,RECEIVED,2025-10-03 21:58:19
280,9,"Continental Importers",manual,RESTOCK-2028-09-15-4499,2028-09-15,2028-09-19,RECEIVED,2025-10-03 21:58:19
281,14,"Continental Importers",manual,RESTOCK-2028-09-16-9334,2028-09-16,2028-09-24,RECEIVED,2025-10-03 21:58:19
505,14,"Continental Importers",manual,RESTOCK-2028-09-16-4611,2028-09-16,2028-09-26,RECEIVED,2025-10-03 22:07:28
282,4,"Continental Importers",manual,RESTOCK-2028-09-20-1869,2028-09-20,2028-09-27,RECEIVED,2025-10-03 21:58:19
506,9,"Continental Importers",manual,RESTOCK-2028-09-21-9764,2028-09-21,2028-09-24,RECEIVED,2025-10-03 22:07:29
283,14,"Continental Importers",manual,RESTOCK-2028-09-23-4647,2028-09-23,2028-10-01,RECEIVED,2025-10-03 21:58:20
507,14,"Continental Importers",manual,RESTOCK-2028-09-23-9937,2028-09-23,2028-10-03,RECEIVED,2025-10-03 22:07:29
284,9,"Continental Importers",manual,RESTOCK-2028-09-30-1305,2028-09-30,2028-10-05,RECEIVED,2025-10-03 21:58:20
508,4,"Continental Importers",manual,RESTOCK-2028-09-30-8972,2028-09-30,2028-10-05,RECEIVED,2025-10-03 22:07:30
285,14,"Continental Importers",manual,RESTOCK-2028-10-07-1039,2028-10-07,2028-10-14,RECEIVED,2025-10-03 21:58:22
509,9,"Continental Importers",manual,RESTOCK-2028-10-07-8669,2028-10-07,2028-10-12,RECEIVED,2025-10-03 22:07:31
286,4,"Continental Importers",manual,RESTOCK-2028-10-09-3708,2028-10-09,2028-10-16,RECEIVED,2025-10-03 21:58:23
510,14,"Continental Importers",manual,RESTOCK-2028-10-10-7101,2028-10-10,2028-10-18,RECEIVED,2025-10-03 22:07:31
287,4,"Continental Importers",manual,RESTOCK-2028-10-12-9500,2028-10-12,2028-10-19,RECEIVED,2025-10-03 21:58:23
288,14,"Continental Importers",manual,RESTOCK-2028-10-13-1954,2028-10-13,2028-10-23,RECEIVED,2025-10-03 21:58:23
289,14,"Continental Importers",manual,RESTOCK-2028-10-14-9706,2028-10-14,2028-10-24,RECEIVED,2025-10-03 21:58:23
511,14,"Continental Importers",manual,RESTOCK-2028-10-14-2218,2028-10-14,2028-10-22,RECEIVED,2025-10-03 22:07:32
290,9,"Continental Importers",manual,RESTOCK-2028-10-21-2711,2028-10-21,2028-10-24,RECEIVED,2025-10-03 21:58:25
512,9,"Continental Importers",manual,RESTOCK-2028-10-21-6563,2028-10-21,2028-10-25,RECEIVED,2025-10-03 22:07:33
291,9,"Continental Importers",manual,RESTOCK-2028-10-26-8082,2028-10-26,2028-10-30,RECEIVED,2025-10-03 21:58:26
292,9,"Continental Importers",manual,RESTOCK-2028-10-28-4241,2028-10-28,2028-11-02,RECEIVED,2025-10-03 21:58:26
513,9,"Continental Importers",manual,RESTOCK-2028-10-28-1361,2028-10-28,2028-11-03,RECEIVED,2025-10-03 22:07:34
514,4,"Continental Importers",manual,RESTOCK-2028-10-31-2124,2028-10-31,2028-11-07,RECEIVED,2025-10-03 22:07:35
293,9,"Continental Importers",manual,RESTOCK-2028-12-03-6963,2028-12-03,2028-12-08,RECEIVED,2025-10-03 21:58:29
294,4,"Continental Importers",manual,RESTOCK-2028-12-24-4735,2028-12-24,2028-12-30,RECEIVED,2025-10-03 21:58:30